id,comment,sentiment,aspects
1,"The immersive experience of the Apple Vision Pro is unlike anything I've tried before. However, the battery life doesn't last as long as I'd hoped, requiring frequent charging throughout the day.","The sentiment of this review is Neutral. It highlights both a positive aspect (the immersive experience) and a negative aspect (short battery life), balancing each other out.","1. Immersive experience
2. Battery life"
2,"I love the sleek design of the Vision Pro, and it fits comfortably even during extended use. The materials feel premium, and it definitely turns heads.",Positive,"- Sleek design
- Comfortable fit during extended use
- Premium materials
- Eye-catching appearance"
3,"The price tag of the Vision Pro is quite steep, making it hard to justify the investment for the average user. I wish there were a more affordable option with similar features.",Negative,"1. Price/Cost
2. Affordability
3. Features
4. Value for money"
4,"Navigating through the interface feels intuitive, and the integration with other Apple devices is seamless. It's great how easily it syncs with my iPhone and MacBook.",Positive,"1. Interface navigation
2. Integration with other Apple devices
3. Syncing with iPhone
4. Syncing with MacBook"
5,"I experienced some lag while running high-demand applications, which was disappointing for such a premium product. It interrupted my workflow and was quite frustrating.",Negative,"1. Lag while running high-demand applications
2. Premium product
3. Workflow interruption
4. Frustration"
6,Customer service was incredibly helpful when I had trouble setting up the Vision Pro for the first time. They walked me through each step patiently until everything was working smoothly.,Positive,"1. Customer service
2. Setup assistance for the Vision Pro
3. Patience and thoroughness during the support process"
7,"The Vision Pro's augmented reality features are impressive, bringing digital elements into the real world convincingly. However, the selection of compatible apps is still limited, which reduces its utility.",Neutral,"- Augmented reality features
- Selection of compatible apps"
8,"Wearing the headset for more than two hours becomes uncomfortable, as it puts pressure on my nose. I hope future versions will address the weight distribution better.",Negative,"- Comfort
- Weight distribution"
9,I appreciate the high-quality build and materials used in the Vision Pro; it feels durable and premium. The attention to detail in its design is truly remarkable.,Positive,"1. High-quality build and materials
2. Durability
3. Premium feel
4. Attention to detail in design"
10,The setup process was a bit complicated and not as straightforward as other Apple products I've used. It took me a while to figure out the calibration settings.,Negative,"1. Setup process
2. Complexity
3. Calibration settings"
11,"The battery life is exceptional, allowing me to use the Vision Pro throughout the day without needing a recharge. This is perfect for long work sessions or extended entertainment.",Positive,"1. Battery life  
2. Usability for long work sessions  
3. Usability for extended entertainment"
12,"I wish the Vision Pro was lighter; after a while, it starts to feel cumbersome. It's not ideal for long-term wear, especially during travel.",Negative,"1. Weight of the Vision Pro
2. Comfort for long-term wear
3. Suitability for travel"
13,"The display resolution is stunning, making every detail crisp and clear. Watching movies and viewing photos is an entirely new experience with this level of clarity.",Positive,"The key aspects or features mentioned in the review are:

1. Display resolution
2. Detail clarity
3. Movie watching experience
4. Photo viewing experience"
14,"I'm impressed with how smoothly the Vision Pro runs even the most demanding applications. Multitasking is a breeze, and I haven't encountered any performance issues.",Positive,"1. Performance (smooth operation with demanding applications)
2. Multitasking capabilities"
15,"I encountered some software glitches that required restarting the device, which interrupted my work. For the price, I expected a more stable software experience.",Negative,"The key aspects or features mentioned in the review are:

1. Software glitches
2. Device restarting
3. Work interruption
4. Price versus software stability expectation"
16,"The Vision Pro seamlessly syncs with my Mac and iPhone, enhancing my productivity. The continuity between devices makes it easy to pick up where I left off.",Positive,"1. Seamless syncing with Mac and iPhone  
2. Enhanced productivity  
3. Continuity between devices"
17,"Considering its features, the Vision Pro offers good value for the money. It's an investment, but the functionality it provides justifies the cost for me.",Positive,"- Features
- Value for money
- Functionality
- Cost"
18,I was underwhelmed by the limited customization options available in the settings. I'd like more control over the user interface and features.,Negative,"1. Limited customization options
2. Control over the user interface
3. Control over features"
19,"The audio quality is immersive, making media consumption a joy on the Vision Pro. The spatial audio adds depth to movies and music that I've never experienced before.",Positive,"1. Audio quality
2. Media consumption experience
3. Spatial audio
4. Depth in movies and music"
20,It's frustrating that some essential apps are not yet optimized for the Vision Pro. This limits its usefulness for my daily tasks.,Negative,"- Lack of optimization for essential apps
- Limited usefulness for daily tasks"
21,"The Vision Pro's display is incredibly sharp, and the color accuracy is top-notch, making it perfect for creative work. However, I noticed some minor overheating during extended sessions.","The sentiment of the review is Positive. While it mentions a minor issue with overheating, the overall focus is on the positive aspects of the display's sharpness and color accuracy.","- Display sharpness
- Color accuracy
- Suitability for creative work
- Overheating during extended sessions"
22,"I love how easy it is to switch between AR and VR modes. It feels natural and enhances productivity, but the learning curve for certain gestures was steeper than I expected.",The sentiment of this review is Positive.,"The key aspects or features mentioned in the review are:

1. Switching between AR and VR modes
2. Natural feel
3. Productivity enhancement
4. Learning curve for gestures"
23,"The headset is a game-changer for virtual meetings, making interactions feel much more personal. However, the price point makes it hard to recommend to everyone on my team.",The sentiment of the review is Neutral.,"1. Virtual meetings
2. Personal interactions
3. Price point"
24,"The build quality is excellent, but I wish the device had more padding around the face for added comfort. After a few hours, it starts to feel a bit tight.",Neutral,"The key aspects or features mentioned in the review are:

1. Build quality
2. Padding around the face
3. Comfort
4. Fit over time (feels tight after a few hours)"
25,"The Vision Pro integrates perfectly with Apple services like iCloud and FaceTime. It's nice to see everything work together so seamlessly, as expected from Apple.",Positive,"- Integration with Apple services
- Compatibility with iCloud
- Compatibility with FaceTime
- Seamless operation"
26,"While the design is futuristic and sleek, the lack of adjustable straps for head sizes was a bit inconvenient. It took me a while to get a snug fit.",Neutral,"1. Design (futuristic and sleek)
2. Adjustable straps for head sizes (lack of)
3. Fit (snug fit, took a while to achieve)"
27,"The Vision Pro's audio system is phenomenal, providing an immersive experience without the need for headphones. It’s one of the standout features for me.",Positive,"- Audio system
- Immersive experience
- No need for headphones
- Standout feature"
28,"I'm amazed by the potential for productivity apps on this device, but the current app library feels underwhelming. I hope developers start rolling out more options soon.",Neutral,"1. Potential for productivity apps
2. Current app library
3. Availability of app options
4. Developer support/engagement"
29,The Vision Pro's eye-tracking technology is incredibly accurate and makes navigation feel effortless. It's a glimpse into the future of user interfaces.,Positive,"1. Eye-tracking technology
2. Navigation experience
3. Future of user interfaces"
30,Battery life is a letdown for such a high-end device. I find myself tethered to a power bank more often than I’d like.,Negative,"- Battery life
- Power bank usage"
31,"The initial setup was smooth, and the instructions were clear. It's one of the most user-friendly setups I've experienced with AR/VR products.",Positive,"1. Initial setup
2. Clarity of instructions
3. User-friendly setup
4. AR/VR product experience"
32,"The Vision Pro shines when it comes to collaborative work, allowing multiple users to interact with virtual objects in real-time. This is a big win for teamwork.",Positive,"- Collaborative work
- Interaction with virtual objects
- Real-time collaboration
- Teamwork"
33,"For its price, I expected more storage capacity. The Vision Pro's internal storage fills up quickly, especially with high-res apps and media.",Negative,"- Price
- Storage capacity
- Internal storage
- High-res apps and media"
34,"The headset's weight distribution is better than most competitors, but it still gets tiring during extended use. Comfort could definitely be improved in future iterations.",Neutral,"- Weight distribution
- Comfort during extended use
- Potential improvements in comfort for future iterations"
35,The ability to use Vision Pro as an external monitor for my MacBook is a game-changer. It’s like having an ultra-wide display without the desk space.,Positive,"- Compatibility with MacBook
- Function as an external monitor
- Ultra-wide display experience
- Space-saving (no need for desk space)"
36,"While the design is stunning, I wish it came in more color options. A bit of personalization would go a long way for a device like this.",Neutral,"- Design
- Color options
- Personalization"
37,"The Vision Pro is an amazing concept, but the price is out of reach for many consumers. If Apple made a more affordable version, it would be a hit.","The sentiment of this review is Neutral. It expresses admiration for the concept but also mentions a drawback regarding the price, without leaning entirely positive or negative.","1. Concept of Vision Pro
2. Price
3. Affordability"
38,"Performance is flawless, even when running graphically intense apps. I haven’t experienced any lag or stutters, which is impressive.",Positive,"The key aspects or features mentioned in the review are:

1. Performance
2. Ability to handle graphically intense apps
3. Absence of lag or stutters"
39,"Customer support was quick to respond when I had issues pairing my Vision Pro with my iPhone. Their guidance was excellent, as always with Apple.",Positive,"The key aspects or features mentioned in the review are:

1. Customer support response time
2. Pairing issues with Vision Pro and iPhone
3. Guidance quality
4. Apple"
40,"The Vision Pro is packed with features, but it feels like a product geared more toward early adopters and tech enthusiasts than the average consumer.",Neutral,"1. Features
2. Target audience (early adopters and tech enthusiasts vs. average consumer)"
41,"The Vision Pro feels like an overpriced gadget rather than a necessary tool. For the cost, I expected a lot more functionality and fewer gimmicks.",Negative,"1. Price - described as ""overpriced""
2. Functionality - expected more functionality
3. Value - perceived as more of a gadget than a necessary tool
4. Features - fewer gimmicks desired"
42,The weight of the device is a serious issue—it feels like a brick on my face after just 30 minutes. Comfort clearly wasn’t a priority in the design.,Negative,"- Weight of the device
- Comfort in design"
43,"The app selection is abysmal. For something so expensive, it’s shocking how little you can actually do with it right now.",Negative,"- App selection
- Cost/price
- Functionality/capability"
44,"Battery life is pathetic. It barely lasts through a movie, which makes it feel like more of a toy than a practical device.",Negative,"- Battery life
- Device practicality"
45,"I ran into compatibility issues with several apps that I use daily. For a device that’s supposed to ‘just work,’ this was incredibly frustrating.",Negative,"- Compatibility with apps
- User experience ('just work' expectation)
- Frustration due to issues"
46,The Vision Pro’s price tag is laughable for what you get. There are more affordable alternatives that offer similar or even better features.,Negative,"1. Price
2. Value for money
3. Availability of alternatives
4. Features comparison"
47,Customer service was surprisingly unhelpful when I had an issue with the sensors not calibrating. It took weeks to resolve a problem that shouldn’t have occurred in the first place.,Negative,"1. Customer service
2. Sensors not calibrating
3. Time taken to resolve the problem"
48,The setup process was confusing and riddled with bugs. It’s not the seamless Apple experience I’ve come to expect.,Negative,"1. Setup process
2. Bugs
3. Apple experience"
49,"The Vision Pro overheats way too quickly, making it impossible to use for extended periods. For this price, thermal management should have been flawless.",Negative,"The key aspects or features mentioned in the review are:

1. Overheating
2. Usability for extended periods
3. Thermal management
4. Price"
50,"The eye-tracking is hit or miss, often misinterpreting where I’m looking. It ruins the whole experience when basic features don’t work properly.",Negative,"- Eye-tracking
- Experience quality
- Functionality of basic features"
51,"Comfort is a huge drawback—the headset feels bulky and awkward, making it hard to imagine anyone wearing it for long periods.",Negative,"- Comfort
- Bulkiness
- Awkward fit
- Suitability for long periods of wear"
52,"The visuals are decent, but for the price, I expected groundbreaking clarity. It doesn’t live up to the hype Apple marketed.",Negative,"- Visuals/Visual clarity
- Price
- Apple marketing expectations"
53,"The Vision Pro relies too heavily on being part of the Apple ecosystem. If you don’t already own other Apple devices, its functionality is severely limited.",Negative,"1. Reliance on Apple ecosystem
2. Integration with other Apple devices
3. Limited functionality without other Apple devices"
54,"The lack of physical controls is annoying. Sometimes the gestures don’t register properly, and I’m left fumbling around to perform simple tasks.",Negative,"The key aspects or features mentioned in the review are: 

1. Lack of physical controls
2. Issues with gesture recognition/registering"
55,"For a device so expensive, the build quality doesn’t feel robust. It seems fragile, like it could break with one wrong move.",Negative,"1. Price/Cost
2. Build Quality
3. Durability/Ruggedness"
56,"The promised productivity features are underwhelming. It’s marketed as a tool for professionals, but it feels like a gimmick in practice.",Negative,"The key aspects or features mentioned in the review are ""promised productivity features"" and ""marketed as a tool for professionals."""
57,"I’m disappointed with how heavy and cumbersome the Vision Pro feels. It’s not something I’d want to use regularly, let alone recommend to others.",Negative,"The key aspects or features mentioned in the review are:

1. Weight (""heavy"")
2. Usability (""cumbersome"", ""not something I'd want to use regularly"")
3. User recommendation (""not recommend to others"")"
58,"Software glitches are far too common. It crashes frequently, which completely ruins the user experience.",Negative,"1. Software glitches
2. Crashes frequently
3. User experience"
59,"The Vision Pro isn’t user-friendly at all. The controls feel unintuitive, and it doesn’t come close to the simplicity of other Apple products.",Negative,"1. User-friendliness
2. Controls
3. Intuitiveness
4. Simplicity compared to other Apple products"
60,"The Vision Pro is a classic example of form over function. It looks great, but the actual experience of using it leaves much to be desired.",Negative,"- Design/Appearance (form)
- User Experience (function)"
61,"The Vision Pro has some unique features, but it feels like a product that’s still finding its footing. It’s neither amazing nor terrible—just okay.",Neutral,"- Unique features
- Product development maturity/stability"
62,"The design is sleek, as expected from Apple, but the usability isn’t groundbreaking. It’s good for casual use, but nothing revolutionary.",Neutral,"1. Design (sleek)
2. Usability (not groundbreaking, good for casual use)"
63,"The battery life is average—it’s not the best I’ve seen, but it’s not the worst either. It gets the job done for most sessions.",Neutral,"The key aspect mentioned in the review is ""battery life."""
64,"The setup process was relatively straightforward, though there were a few moments where I had to double-check the manual. It wasn’t difficult, just a bit time-consuming.",Neutral,"The key aspects or features mentioned in the review are:

1. Setup Process
2. Ease of Use
3. Manual Guidance
4. Time Consumption"
65,"The Vision Pro offers a decent AR experience, but the app library is still growing. It’s a solid start, but it feels like early days for the platform.",Neutral,"1. AR experience
2. App library growth
3. Platform development stage"
66,"The audio quality is clear and immersive, but it doesn’t stand out compared to other high-end devices. It’s good, but not exceptional.",Neutral,"- Audio quality
- Comparison to other high-end devices"
67,"The price is undeniably high, but the quality matches Apple’s usual standard. Whether it’s worth it depends entirely on your needs.",Neutral,"- Price
- Quality
- Value for money/needs assessment"
68,"I’ve noticed a few minor bugs here and there, but nothing that completely ruins the experience. It’s not perfect, but it’s functional.",Neutral,"- Minor bugs
- Overall functionality
- Experience quality"
69,"The Vision Pro is a cool device for entertainment, but I’m not sure it’s a must-have. It feels more like a luxury item than a necessity.",Neutral,"1. Entertainment
2. Luxury item vs. necessity"
70,"The weight is noticeable but manageable. It’s not the most comfortable headset I’ve worn, but it’s not unbearable either.",Neutral,"1. Weight
2. Comfort"
71,"The integration with the Apple ecosystem is convenient if you already own other Apple products. Otherwise, it doesn’t add much.",Neutral,"1. Integration with the Apple ecosystem
2. Convenience for existing Apple product owners"
72,"The visuals are clear, but they don’t feel as revolutionary as the marketing suggests. It’s a step up from most devices but not a giant leap.",Neutral,"The key aspects or features mentioned in the review are:

1. Visuals - described as ""clear""
2. Marketing claims - suggested to be more revolutionary than actual experience
3. Comparison to other devices - ""a step up from most devices but not a giant leap"""
73,"Comfort is decent, though I wouldn’t recommend wearing it for extended periods. It’s fine for shorter sessions.",Neutral,"1. Comfort
2. Duration for wearing (extended periods vs. shorter sessions)"
74,"The Vision Pro is a solid piece of hardware, but the software needs more polish. It’s usable, but there’s room for improvement.",Neutral,"- Hardware (solid piece)
- Software (needs more polish)
- Usability (usable, room for improvement)"
75,"The eye-tracking is a nice feature, though I’ve had moments where it didn’t work as expected. It’s a mixed bag.",Neutral,"1. Eye-tracking feature
2. Reliability/Performance of eye-tracking"
76,"The Vision Pro performs well overall, but it doesn’t excel in any particular area. It’s a jack-of-all-trades kind of device.",Neutral,"1. Performance (overall)
2. Versatility (jack-of-all-trades)"
77,"Customer support was helpful when I had questions, though the wait time was a bit longer than I’d like. They eventually resolved my issue.",The sentiment of this review is Neutral.,"- Customer support
- Helpfulness of customer support
- Wait time
- Issue resolution"
78,"The AR and VR features are interesting, but I’m not sure how much I’ll use them day-to-day. It feels more like a novelty than a necessity.",Neutral,"1. AR features
2. VR features
3. Usage frequency (day-to-day)
4. Perception (novelty vs. necessity)"
79,"The build quality is good, but it doesn’t feel significantly different from other premium devices. It’s solid, but not standout.",Neutral,"- Build quality  
- Comparability to other premium devices  
- Solidity  
- Lack of standout features"
80,"The Vision Pro works as advertised, but it doesn’t blow me away. It’s a fine addition to the Apple lineup, but it’s not a game-changer.",Neutral,"The key aspects or features mentioned in the review are:

1. Functionality (""works as advertised"")
2. Overall impact (""doesn’t blow me away,"" ""not a game-changer"")
3. Position in product lineup (""a fine addition to the Apple lineup"")"
